NPI,Service Diversity,Rndrng_Prvdr_Last_Org_Name,Rndrng_Prvdr_First_Name,Rndrng_Prvdr_Type
1003070749,3,Anameze,Samuel,Internal Medicine
1003078031,8,Penc,Stanley,Neurology
1003104084,7,Rajbhandary,Arunima,Internal Medicine
1003207978,11,Cordero Torres,Emmanuelle,Nephrology
1003842287,20,Heffernan,Donna,Family Practice
1003848102,22,Sheehan,Sean,Gastroenterology
1003851379,7,Shahani,Rohit,Cardiac Surgery
1003859331,13,Peacock Birsett,Jama,Family Practice
1003891847,9,Cevera,John,Otolaryngology
1003897398,3,Macdonnell,Diane,Family Practice
1003905480,7,Forman,Peter,Family Practice
1013172485,6,Amery,Sahar,Cardiology
1013179944,21,Abisse,Saddam,Cardiology
1013352228,8,Carle,Christine,Family Practice
1013923671,2,Mcclune-Sweeney,Deborah,Nurse Practitioner
1013948231,1,Feinstein,Ralph,Family Practice
1013977438,3,Balsamo,Steven,Family Practice
1013985878,34,Kufs,William,Cardiology
1023029790,4,Adomfeh,Charles,Internal Medicine
1023044229,8,Pyle,Bert,Family Practice
1023060621,10,Armenia,David,Cardiology
1023068640,16,Ortiz,G Michael,Urology
1023234002,8,Varughese,Mathew,Internal Medicine
1023459633,4,Pamidimukala,Chaithanya,Internal Medicine
1023552940,16,Resetarits,Ashley,Physician Assistant
1033122551,5,Powe,Emile,Internal Medicine
1033144233,4,Petrillo,John,Family Practice
1033146345,6,Wang,Qiong,Internal Medicine
1033223276,21,Marshall,Jonah,Urology
1033263553,7,Madigan,Heather,Internal Medicine
1033348610,3,Tomy,Sinda,Internal Medicine
1033364393,11,Alapati,Lavanya,Internal Medicine
1033421243,11,Clark,Richard,Physician Assistant
1033548839,7,Khan,Munir Ahmed,Internal Medicine
1033775283,2,Chalmers,Mark,Family Practice
1043211097,3,Goldstoff,Michael,Anesthesiology
1043217367,1,Ashley,Christopher,Gastroenterology
1043234271,13,Sun,Mina,Family Practice
1043429442,9,Dinar,Abdelhakim,Neurology
1043465214,7,Collins,Clyde,Gastroenterology
1043466709,18,Locke,Elizabeth,Family Practice
1043466832,36,Steckman,David,Cardiology
1053305573,30,Esper,Daniel,Cardiology
1053306183,30,Lyons,James,Advanced Heart Failure and Transplant Cardiology
1053318576,3,Daas,Mamoon,General Practice
1053336255,18,Morgan,Ayman,Nephrology
1053384008,15,O'dea,Daniel,Cardiology
1053393207,23,Ludwig,Samantha,Family Practice
1053520650,8,Smith,Jacqueline,Internal Medicine
1053540351,9,Meghani,Mustafain,Cardiology
1053608893,6,Marchand,Rachel,Physician Assistant
1053674994,9,Garcia,Frank,Family Practice
1053773101,4,Murawski,Shannon,Internal Medicine
1063404234,11,Monzur,Mohammed,Nephrology
1063405298,8,Hughes,Peter,Urology
1063411783,32,Prieto,Alfonso,Clinical Cardiac Electrophysiology
1063643211,3,Khullar,Neha,Internal Medicine
1063671071,3,Diala,Paul,Internal Medicine
1063673960,3,Teubl,Jonathan,Family Practice
1063789865,7,Mehta,Swati,Nephrology
1063850261,1,Nadler,Claire,Family Practice
1073507935,15,Millar,Robert,Cardiology
1073509691,1,Berkery,Leah,Internal Medicine
1073527289,24,Joy,Robert,Clinical Cardiac Electrophysiology
1073562187,5,Borden,Eric,Family Practice
1073570883,13,Biegun,Piotr,Internal Medicine
1073583738,4,Mazzei -Klokiw,Renata,Family Practice
1073586988,33,Varanasi,Sankar,Cardiology
1073673125,11,Argoff,Charles,Neurology
1073693032,31,Parikh,Nita,Internal Medicine
1073700480,15,Vaval,Alain,Internal Medicine
1073756938,15,Schulman-Marcus,Joshua,Cardiology
1073783577,11,El-Hajjar,Mohammad,Cardiology
1073863403,7,Labban,Marcille,Internal Medicine
1083064943,5,Sarkisova,Innesa,Family Practice
1083100408,19,Mcvaigh,Ryan,Physician Assistant
1083608426,10,Daoui,Rachid,Nephrology
1083616411,1,Tompkins,Raymonda,Internal Medicine
1083627418,5,Golub Corporation,,Mass Immunizer Roster Biller
1083659072,14,Murray,Brian,Urology
1083684781,18,Mangalmurti,Sandeep,Cardiology
1083771927,5,Mihindukulasuriya,Joseph,Nephrology
1083798839,26,Herr,Allen,Interventional Radiology
1083798920,10,Jue,Donald,Internal Medicine
1083813885,7,Waters,Timothy,Internal Medicine
1083869234,12,Alshaer,Khalil,Family Practice
1083939284,2,Howe,Adam,Urology
1093145658,5,Liu,Dan,Internal Medicine
1093341141,7,Sivakumar,Kasthuri,Nurse Practitioner
1093701617,10,Muller,Susan,Family Practice
1093718371,4,Edwards,Keith,Neurology
1093745002,4,Giokas,George,Internal Medicine
1093765406,13,Weitz,Steven,Interventional Cardiology
1093782559,15,Gupta,Yogesh,Gastroenterology
1093871865,2,Argaw,Shitaye,Family Practice
1104141209,13,Feinberg,Zachary,Gastroenterology
1104181759,5,Kauh,Katherine,General Surgery
1104189182,18,Ahmed,Ovais,Gastroenterology
1104861293,20,Vachon,Francois,Family Practice
1104971084,24,Respass,John,Clinical Cardiac Electrophysiology
1114112190,7,Anumula,Praveen,Internal Medicine
1114219201,1,Lavelle,Daniel,Internal Medicine
1114282969,12,Miranda Gelpi,Arturo,Family Practice
1114411717,3,Mobarek,David,Family Practice
1114421336,3,Sureddi,Shakthi,Neurology
1114911633,39,Delago,Augustin,Cardiology
1114953312,7,Offord,Stephen,Family Practice
1114984960,3,Sulzman,Charles,Internal Medicine
1114988904,6,Cunningham,Matthew,Family Practice
1114990025,32,Gorwara,Simon,Cardiology
1114990033,27,Jha,Sanjaya,Cardiology
1124092994,8,Biasetti,Scott,Internal Medicine
1124275797,13,Kolios,Efrossini,Urology
1124287651,11,Welliver,Robert,Urology
1124319751,34,Heinecke,Carl,Cardiology
1124492616,2,Redmond,Danielle,Certified Registered Nurse Anesthetist (CRNA)
1134137292,3,Rayudu,Sunita,Internal Medicine
1134230873,4,Purcell,Peter,Gastroenterology
1134235765,5,Mongan,John,Internal Medicine
1134256324,6,Shoemaker,Vanita,Family Practice
1134356512,22,Soryal,George,Nephrology
1134357726,6,Gulyanich,Taras,Internal Medicine
1134428907,18,Barsa,Jonathan,Gastroenterology
1134549918,6,Lansing,John,Neurology
1134784598,1,Wong,Christian,Internal Medicine
1134870611,4,Libby,Kristin,Nurse Practitioner
1134890288,6,Nellis,Joshua,Physician Assistant
1144222597,1,Zamer,Joshua,Family Practice
1144225442,6,Corwin,James,Family Practice
1144292608,2,Litts,Warren,Family Practice
1144300104,1,Campito,Mitchel,Diagnostic Radiology
1144302886,10,Enzien,Ernest,Family Practice
1144304908,30,Seaman,Tami,Family Practice
1144315367,11,Taneja,Sanjay,Family Practice
1144347451,17,Gusten,William,Gastroenterology
1144420837,10,Pronold,Barry,Gastroenterology
1144649260,5,Bourla,Lorelei,Internal Medicine
1144670084,1,Lahn,Kathryn,Family Practice
1154345015,4,Fielding,William,Physician Assistant
1154346393,3,Shvachuk,Ivan,Family Practice
1154422236,10,Khawaja,Hussain,Cardiology
1154580967,3,Corry,Tanya,Internal Medicine
1154581692,23,Brilliant,Rachelle,Family Practice
1154612901,7,Risley,Laura,Neurology
1154740777,7,Avulova,Svetlana,Urology
1154771194,3,Crouse,Kristin,Family Practice
1154876928,6,Youniss,Mohamed,Cardiology
1164410064,1,Siddiqui,Nawed,Internal Medicine
1164425708,12,Judkins,David,Cardiology
1164470217,2,Mittal,Sandeep,Cardiology
1164473526,8,Voleti,Venkateswararao,Internal Medicine
1164564514,5,Coelho,Luiz,Internal Medicine
1164653085,5,Anwer,Naima,Family Practice
1164675765,8,Cleaver,William,Internal Medicine
1164771374,2,Itabor,Azuka,Family Practice
1174043509,4,Earl,Adrianna,Family Practice
1174528764,7,Liebers,Edward,Internal Medicine
1174585608,13,Chowdhrey,Naseer,Neurology
1174603120,3,Brodsky,Laura,Audiologist
1174607014,26,Baselice,Marino,Internal Medicine
1174623086,64,Sullenberger,Lance,Cardiology
1174830863,9,Mondelo,Doreen,Family Practice
1174888929,2,Delliere,Willa,Family Practice
1184167462,3,Mann,Kellie,Certified Registered Nurse Anesthetist (CRNA)
1184616096,1,Pearson,Elyse,Anesthesiology
1184616237,12,Gardner,Michael,Internal Medicine
1184622516,6,Fairbank,Matthew,Physician Assistant
1184691842,5,Palmieri,Suzanne,Family Practice
1184696171,10,Kopp,John,Otolaryngology
1184735623,2,Burns,Stephen,Nurse Practitioner
1184754129,11,Eglow,Richard,Gastroenterology
1184854101,4,Afejuku-Adelaja,Neema,Family Practice
1184902454,4,Duszak,Richard,Family Practice
1194003889,6,Ferraro,Lindsay,Neurology
1194063495,15,Solga,Matthias,Urology
1194139188,12,Sanghvi,Arpit,Family Practice
1194719625,24,Detommasi,Allison,Cardiology
1194728774,15,Layden,Michael,Cardiology
1194798926,19,Cheruvu,Sasi,Diagnostic Radiology
1194814574,6,Elliott,Rebecca,Family Practice
1194875310,12,Slatch,Harry,Urology
1194986257,19,Chaudhary,Faisal,Internal Medicine
1205029105,19,Turvey,Karen,Nurse Practitioner
1205146149,5,Barnett,Mary,Family Practice
1205368594,10,Calderon,Cristina,Family Practice
1205809266,46,Ling,Julie,Cardiology
1205818911,3,Khan,Dastagir,Internal Medicine
1205820727,36,Benton,Robert,Cardiology
1205828316,9,Kayayan,Ara,Internal Medicine
1205831658,15,Chase,Michael,Gastroenterology
1205837077,44,Knapp,George,Family Practice
1205837515,26,Wiley,Jennifer,Family Practice
1215006531,8,Kaplan,Eugene,Neurology
1215192653,3,Ippili,Rakhee,Internal Medicine
1215373600,6,Griffiths,Frederick,Internal Medicine
1215598693,14,Mcmillen,Laura,Nurse Practitioner
1215929344,4,Trout,Charles,Family Practice
1215929377,10,Fitz,Grahame,Family Practice
1215934724,2,Santoro,Carol,Internal Medicine
1215969316,22,Clift,Richard,Gastroenterology
1215973896,3,Verrico,Ivelisse,Internal Medicine
1215986765,7,Beesley,Bruce,Neurology
1225022668,4,Hoy,Christopher,Internal Medicine
1225030133,16,Mookherjee,Sulagna,Cardiology
1225051253,38,Drzymalski,Zofia,Family Practice
1225057441,16,Sood,Vinay,Gastroenterology
1225065733,3,Wolf,Evan,Physician Assistant
1225118284,11,Fisher,Hugh,Urology
1225133754,4,Sidhu,Mandeep,Cardiology
1225179393,2,Ford,Micheline,Internal Medicine
1225243215,1,Manfredo,Irene,Licensed Clinical Social Worker
1225287329,3,Shaikh,Gulvahid,Internal Medicine
1225321300,22,Parikh,Leslie,Cardiology
1225457039,37,Niyazov,Daniil,Internal Medicine
1235169285,20,Rahman,Shaheen,Urology
1235184789,13,Buhac,John,Gastroenterology
1235189663,8,Parkes,Robert,Interventional Cardiology
1235195645,3,Cowen,Edwin,Internal Medicine
1235210626,17,Gerson,Jeffrey,Gastroenterology
1235226739,9,Giuliano,Carmen,Internal Medicine
1235240771,5,Mckibbin-Vaughan,Deirdre,Physician Assistant
1235306739,5,Posca,Anthony,Family Practice
1235314527,12,Castronuovo,Susan,Ophthalmology
1235326356,8,Airhienbuwa,Noghama,Internal Medicine
1235364555,6,Hasnain,Mujtaba,Nephrology
1235493123,4,Hirst,Colin,Interventional Cardiology
1235667940,3,Bilal,Sahar,Family Practice
1245234905,5,Liebers,David,Infectious Disease
1245268978,23,Navarro,Brian,Family Practice
1245287234,2,Gomez-Dossi,Francisco,Neurology
1245289990,5,Hart,David,Neurology
1245305291,2,Vittengl,Morgan,Family Practice
1245518463,12,Jafri,Mikram,Internal Medicine
1245677426,30,Diaz,Luis,Family Practice
1245881382,7,Brown,Carylann,Physician Assistant
1255305553,13,Coombes,John,Gastroenterology
1255320891,2,Kraev,Igor,Family Practice
1255330379,3,Karp,Russell,Diagnostic Radiology
1255383774,19,Coleman,Kenneth,Cardiology
1255501508,3,Pandey,Krupa,Neurology
1255520946,4,Eldredge,Daniel,Family Practice
1255575262,19,Warndorf,Matthew,Gastroenterology
1265427082,8,Macina,Andrew,Cardiology
1265430326,1,Silber,Dennis,Physician Assistant
1265460547,4,Castillo,Sergio,Internal Medicine
1265516017,21,Arnold,Hendrick,Internal Medicine
1265520779,17,Kim,Samuel,Diagnostic Radiology
1265689798,7,Fish-Merrill,Erica,Family Practice
1265738017,2,Berman,Sesha,Internal Medicine
1265884720,14,Francese,Amanda,Nurse Practitioner
1265937965,2,Chung,Jae,Internal Medicine
1275510786,13,Velarde,Regina,Internal Medicine
1275529794,1,Sacco,Joseph,Cardiology
1275641839,4,Argubano,Renee,Family Practice
1275721797,6,Mavashev,Mikhail,Family Practice
1275793101,5,Gonsalves,Pierre,Internal Medicine
1275913592,4,Borboa-Orduno,Isidro,Family Practice
1275927303,3,Parrotta,Erica,Neurology
1285149005,11,Leder,Kelsey,Physician Assistant
1285604231,7,Arenos,Daniel,Family Practice
1285621821,2,Zimmerman,Earl,Neurology
1285626473,5,Eisele,George,Nephrology
1285632349,1,Petridis,Deborah,Nurse Practitioner
1285724294,10,Mirza,Shahida,Family Practice
1285727792,13,Lenihan,Michael,Neurology
1285742353,12,Mian,Badar,Urology
1285799585,26,Harrison,Mark,Cardiology
1285808618,11,Chaudhary,Shawn,Internal Medicine
1285895714,11,Rutter,Ann,Family Practice
1285950675,16,Blackwood,Jordan,Cardiology
1295092237,7,Perazzelli,Stephen,Internal Medicine
1295120863,19,Posner,Shai,Internal Medicine
1295215291,2,Urbanek Freeman,Morgan,Physical Therapist in Private Practice
1295708253,22,Cuffe,Ronald,Cardiology
1295708691,5,Ravi,Natarajan,Internal Medicine
1295727873,10,Kim,David,Anesthesiology
1295761435,3,Rodriguez-Goodemote,Renee,Family Practice
1295824134,9,Bermudez,Ingrid,Family Practice
1295927952,5,Durphy,Jennifer,Neurology
1295933174,7,Bunch,Marjorie,Neurology
1295994002,23,Guptill,Gloria,Internal Medicine
1306075031,9,Ung,Won-Hong,Diagnostic Radiology
1306138789,5,Brooks,John,Anesthesiology
1306141684,22,Sazon,Tatiana,Family Practice
1306810775,51,Wagle,Eric,Diagnostic Radiology
1306831771,15,Smith,Vivienne,Cardiology
1306871595,24,Donohue,Robert,Internal Medicine
1306924303,5,Khan,Tarekul,Internal Medicine
1306980941,1,Moses,Eric,Anesthesiology
1316080864,1,Sapio,Nancy,Family Practice
1316122823,18,Metwally,Mark,Gastroenterology
1316206998,47,Healey,Connor,Cardiology
1316934383,11,Arora,Darshan,Nephrology
1316936073,7,Bain,Sean,Internal Medicine
1316938988,1,Battu,Vasantha,Internal Medicine
1316951072,4,Hicks,James,Family Practice
1316955123,18,Snider,Adam,Cardiology
1326040411,15,Defrancisco,John,Gastroenterology
1326049958,3,Bailey,Anne,Certified Registered Nurse Anesthetist (CRNA)
1326066994,10,Gelman,Leonard,Family Practice
1326078387,21,Gerstenbluth,Robert,Urology
1326085564,12,Manor,Denis,Cardiology
1326202938,5,Saeed,Syed,Internal Medicine
1326531435,4,Nechyporuk,Oleg,Family Practice
1336140375,4,Hendrickson,Paul,Anesthesiology
1336146364,8,Feeney,William,Internal Medicine
1336146844,2,Michalek,Ann,Internal Medicine
1336148055,24,Phang,Robert,Clinical Cardiac Electrophysiology
1336177823,43,Rienzi,Peter,Internal Medicine
1336208354,3,Terry,Howard,Internal Medicine
1336229392,37,Gupta,Saaket,Internal Medicine
1336231844,14,Bevilacqua,Lisa,Family Practice
1336256221,5,Posada,Jose,Thoracic Surgery
1336299551,27,Cooper,Vincent,Urology
1336526805,36,Emery,Zack,Family Practice
1336599216,2,Simao,Alexander,Family Practice
1336613785,5,Clayton,Dustin,Nurse Practitioner
1336887587,3,Nguyen,Ngan,Nurse Practitioner
1346209418,4,Verdini,John,Neurology
1346214970,29,Kroll,Douglas,Cardiology
1346234432,10,Angell,Alan,Urology
1346268075,13,Eaton,Carolyn,Family Practice
1346291655,14,Dhanani,Rahim,Nephrology
1346358496,2,Coleman,Patrick,Family Practice
1346445194,13,Price,Marc,Family Practice
1346483443,13,Otto,Brandon,Urology
1346535499,13,Lammly,Adam,Internal Medicine
1346557030,9,Sazon,Alexandr,Family Practice
1346683521,4,Lobe,Montgomery,Internal Medicine
1346900362,8,Yuen,Jasper,Nurse Practitioner
1346972098,10,Smith,Schyler,Physician Assistant
1356315907,30,Yen,Michael,Interventional Cardiology
1356345326,20,Bernstein,Michael,Cardiology
1356433858,4,Habib,Nazia,Internal Medicine
1356509574,21,Gianotti,Robert,Gastroenterology
1356593883,23,Lyubarova,Radmila,Cardiology
1356600670,7,Vivenzio,Maria,Internal Medicine
1356760342,10,Callinan,Nora,Family Practice
1356761894,19,O'laughlin,John,Internal Medicine
1356784839,27,Tetreault,Nicole,Family Practice
1356985808,6,Varughese,Preeti,Family Practice
1366403172,2,Sgambati,Stephen,Family Practice
1366436230,5,Mok,Ki-Tae,Internal Medicine
1366455248,20,Okere,Henry,Internal Medicine
1366458895,12,Braverman-Panza,Jill,Internal Medicine
1366515595,18,Piacentine,Stephen,Cardiology
1366522310,2,Sorrentino,Stephen,Internal Medicine
1366528523,6,Syed,Zainul-Abideen,Gastroenterology
1366557720,2,Condy,Angela,Family Practice
1366602971,14,Raymond,Sara,Diagnostic Radiology
1366685802,10,Robeson-Gewuerz,Kimberly,Neurology
1366735441,11,Parikh,Parag,Interventional Cardiology
1366892077,3,Dhingra,Rohit,Gastroenterology
1366892374,5,Ferro,Michael,Family Practice
1376535559,7,Letteriello,Denise,Internal Medicine
1376537878,18,Papandrea,Louis,Cardiology
1376563452,22,Fusella,Joseph,Family Practice
1376571547,12,Sherman,Sherry,Physician Assistant
1376582411,6,Palmieri,Philip,Infectious Disease
1376627208,6,Pathirana,Priyangika,Internal Medicine
1376690974,5,Mcbride,Susan,Physical Therapist in Private Practice
1376717306,5,Hanson,Julie,Audiologist
1376727305,35,Narayan,Rajeev,Interventional Cardiology
1376854646,20,Vachon,Cary,Family Practice
1376867325,38,Bewley,Benoit,Cardiology
1386275303,2,Groat,Danielle,Nurse Practitioner
1386277051,4,Jones,Alayna,Nurse Practitioner
1386673424,17,Gumustop,Bora,Gastroenterology
1386711612,3,Nebres,Jose,Internal Medicine
1386728210,30,Musto,Ronald,Internal Medicine
1386733764,49,Dorsey,Susan,Internal Medicine
1386734713,6,Cruz,Alan,Family Practice
1396000212,2,Forestal,Medgina,Family Practice
1396011219,45,Stahura,Heather,Cardiology
1396059366,2,Ahmed,Naeem,Internal Medicine
1396125472,11,Fusella,Marissa,Family Practice
1396733408,7,Teetz,Rick,Family Practice
1396759767,8,Reali,Dean,Internal Medicine
1396989869,12,Cornish,Chad,Gastroenterology
1407018393,3,Kayi,Pooja,Internal Medicine
1407055734,15,Portuese,Thomas,Family Practice
1407152630,6,Singh,Gurpreet,Internal Medicine
1407163827,7,Lieu,Jason,Family Practice
1407239718,8,Abu Kar,Abdullah,Internal Medicine
1407427453,3,Colabello,Amanda,Nurse Practitioner
1407827462,2,Burchell,Randall,Family Practice
1407841661,4,Pelnik-Fecko,Tricia,Internal Medicine
1407842750,2,Borden,Jennifer,Family Practice
1407879026,22,Chan,Cindy,Internal Medicine
1407879612,26,Dempsey,Stephen,Cardiology
1407880784,14,Engelmyer,Eric,Urology
1407965361,10,Longo,Franklin,Ophthalmology
1417110651,3,Kim,Richard,Internal Medicine
1417342361,45,Aarons,Alexandra,Family Practice
1417482985,3,Boyle,Evan,Internal Medicine
1417945510,12,Dooley,Kevin,Family Practice
1417954058,5,Aram,James,Family Practice
1417957713,4,Bernardini,Gary,Neurology
1427042399,10,Molho,Eric,Neurology
1427045459,8,Weaver,Susan,Neurology
1427050954,6,Celmins,Dzintra,Neurology
1427077429,1,Lindman,Harry,Family Practice
1427078054,12,Roche,Sean,Family Practice
1427078500,20,Ianniello,Louis,Family Practice
1427308980,9,Cunningham,Daniel,Family Practice
1427454768,1,Barney,Kelly,Certified Registered Nurse Anesthetist (CRNA)
1427478056,6,Bowen,Brady,Internal Medicine
1437163045,7,Stetzer,Rebecca,Family Practice
1437194966,16,Zimring,Debra,Family Practice
1437470804,13,Stringer,Matthew,Urology
1437508702,16,Nemeti,Alison,Family Practice
1437533700,12,Henze,Julia,Physician Assistant
1447229646,7,Hayes,Joseph,Internal Medicine
1447244371,21,Berg,Jonathan,Family Practice
1447249198,7,Pallis,Evangelos,Internal Medicine
1447368113,5,Tenenboym,Alexander,Anesthesiology
1447498076,22,Hussain,Sajid,Gastroenterology
1447567649,2,Nietsch,Hubertus,Gastroenterology
1447604202,7,Heins,Carolyn,Family Practice
1457095309,3,Orong,Maureen,Nurse Practitioner
1457326399,10,Merritt,Patricia,Family Practice
1457365074,5,Rowley,Jennifer,Infectious Disease
1457380594,20,Ben,Matthew,Gastroenterology
1457436677,1,Boka,Suzanna,Internal Medicine
1457457855,7,Syed,Iftikhar,General Surgery
1457511057,6,Frawley,Bridget,Neurology
1457531410,12,Zhu,Xinjun,Gastroenterology
1457558108,30,Giovannone,Steven,Clinical Cardiac Electrophysiology
1457668147,16,Mahon,Hiromi,Family Practice
1457709578,8,Castellano,Andrew,Internal Medicine
1457795197,5,Chattathil,Thomas,Family Practice
1457883753,3,Jattala,Rizwan,Internal Medicine
1457943169,1,Fraczek-Syczyk,Matthew,Chiropractic
1467444208,18,Carsillo,Vincent,Internal Medicine
1467450890,3,Dare,Ian,Physician Assistant
1467452441,39,Abess,Gerard,Family Practice
1467612838,7,Marks,Elizabeth,Internal Medicine
1467754200,1,Reddy,Swapna,Dermatology
1467771444,7,Newton,Scott,Internal Medicine
1467871178,11,Inouye,Brian,Urology
1477503936,19,Chang,Theodore,Urology
1477528537,4,Spillane,Eileen,Family Practice
1477529048,3,Pramenko,John,Family Practice
1477535458,3,Mirza,Ali,Internal Medicine
1477556181,16,Rowley,Patrick,Cardiology
1477588747,5,Ismail,Mohammed,Internal Medicine
1477707552,4,Mcdermott,Brian,Infectious Disease
1477828796,67,Mohabir,Anthony,Diagnostic Radiology
1477915411,7,Gregory,Jennifer,Internal Medicine
1487048740,5,Cozens,James,Family Practice
1487092615,11,Spaulding,Christina,Family Practice
1487272563,6,Mulhall,Brittany,Nurse Practitioner
1487636254,22,Puleo,James,Gastroenterology
1487636874,50,Petracca,Anthony,Family Practice
1487653101,2,Alger-Mayer,Sharon,Family Practice
1487668968,4,Stratton,Jennifer,Family Practice
1487734430,10,Kaufman,Ronald,Urology
1487740080,4,Gregorian,Antonio,Family Practice
1487744116,5,Kiehl,Anita,Infectious Disease
1487889994,12,Colman,David,Family Practice
1497169486,5,Roberts,Melissa,Family Practice
1497701635,4,Holub,Richard,Neurology
1497740864,38,Shah,Parag,Cardiology
1497751010,5,Windle,Edwin,Internal Medicine
1497757231,1,Higgins,Deborah,Certified Registered Nurse Anesthetist (CRNA)
1497759740,11,Boyar,George,Gastroenterology
1497790430,7,Engelstein,Martin,Urology
1497841860,15,Mustafa,Marianne,Family Practice
1508016692,12,Lei,Biao,Anesthesiology
1508051517,6,Applebee,Angela,Neurology
1508190307,5,Devarakonda,Mahalakshmi,Internal Medicine
1508284324,11,Ahsan,Lusana,Cardiology
1508431784,4,Omorogbe,Marie,Nurse Practitioner
1508834060,25,Phillips,Roland,Cardiology
1508834540,22,Kondo,Nicholas,Cardiology
1508850033,21,Atalay,Hasan,Cardiology
1508868415,3,Henriques,Edgar,Internal Medicine
1508915661,2,Gelder,Agnes,Family Practice
1508977398,5,Braungart,Carol,Nurse Practitioner
1518109438,5,Niedbalec,Erica,Internal Medicine
1518932458,2,Reyes,Juanito,Family Practice
1518956838,7,Davidowitz,Marvin,Internal Medicine
1518958610,16,Kayalar,Atilla,Cardiology
1528028578,7,Khan,Abdul,Neurology
1528061967,4,Forman,Everett,General Practice
1528069010,2,Damico,Paul,Certified Registered Nurse Anesthetist (CRNA)
1528188836,7,Lafaver,Kathrin,Neurology
1528327582,14,Ulmer,William,Urology
1528373198,11,Navarro,Carlos,Cardiology
1528464070,3,King,Kevin,Internal Medicine
1528595147,4,Pandu,Asha,Internal Medicine
1538141601,48,Coppens,Thomas,Family Practice
1538162235,19,Layden,John,Cardiology
1538167697,21,Roccario,Eric,Interventional Cardiology
1538178504,7,Costello,Laura,Obstetrics & Gynecology
1538187406,13,Belova,Natalya,Gastroenterology
1538190707,8,Zivkovich,Russell,Family Practice
1538191101,25,Polito,Joseph,Gastroenterology
1538328331,5,Conner,Sean,Internal Medicine
1538353008,23,Daraban,Nicoleta,Cardiology
1538435912,6,Lema Gutierrez,Sergio,Internal Medicine
1538573514,15,Mall,Iram,Family Practice
1548256167,12,Thomas,Christopher,Family Practice
1548262249,16,Schumacher,Thomas,Nephrology
1548262991,24,Yadegari-Lewis,Nasrene,Internal Medicine
1548268881,6,Keefe,John,Physician Assistant
1548296221,5,Dibble,Colleen,Internal Medicine
1548340599,8,Siebeneck,Hillary,Dermatology
1548444664,48,Uzzilia,Jeffrey,Cardiology
1548475585,4,Marino,Lauren,Audiologist
1548498496,8,Ouaknine,Simon,Urology
1548581887,6,Oommen,Ronnie,Family Practice
1558328047,7,Santos,Kristen,Internal Medicine
1558369611,3,Odabashian,Harry,Cardiology
1558626309,20,Nazar,Alina,Family Practice
1558680504,13,Demarest,Susan,Internal Medicine
1558720870,13,Hebert,Morgan,Podiatry
1558854349,2,Gurung,Yashuda,Family Practice
1568444719,6,Merrihew,Donald,General Practice
1568454577,10,Kopff,Heather,Internal Medicine
1568457943,34,Morris,R,Cardiology
1568467918,14,Bauer,William,Gastroenterology
1568509800,2,Brandow,Ruth,Internal Medicine
1568549525,19,Shahata,Hani,Nephrology
1568551943,27,Cleney,Holly,Family Practice
1568569549,47,Woods,Kevin,Cardiology
1568576379,13,Paeglow,Robert,Family Practice
1568621431,22,Volo,Samuel,Cardiology
1578536991,11,Messitt,Christopher,Family Practice
1578537452,9,Miller,Roberta,Internal Medicine
1578564738,4,Kemp,Jonathan,Anesthesiology
1578582334,1,Macri,Frank,Licensed Clinical Social Worker
1578659173,4,Sam,Olai,Family Practice
1588609895,8,Menakuru,Padmapriya,Internal Medicine
1588750186,9,Fera,Frank,Internal Medicine
1588806608,10,Provost,Justin,Gastroenterology
1588930770,40,Pashkovetsky,Eugene,Cardiology
1598115446,5,Prathipati,Sushma,Family Practice
1598185522,2,Goldstein,Jason,Internal Medicine
1598785537,3,Murphy,Christopher,Family Practice
1609074897,6,Ahmed,Shahid,Internal Medicine
1609214394,11,Bifaro,Joanne,Family Practice
1609263748,55,Evans,Anne,Family Practice
1609307537,27,Barnum,Hope,Family Practice
1609370642,1,Beesley,James,Anesthesiology
1609832096,21,Kandath,David,Cardiology
1609892314,1,Eusebio,Sloane,Chiropractic
1619066099,28,Greenblatt,Michael,Internal Medicine
1619355591,28,Ather,Kashif,Cardiology
1619381696,4,Maqsood-Latif,Mehreen,Family Practice
1619434057,17,Malsch,Sarah,Physician Assistant
1629014279,4,Cardiel,Alexander,Family Practice
1629017629,7,Poli,Kim,Cardiology
1629021753,4,Ford,David,General Surgery
1629022454,2,Fowler,Karin,Physician Assistant
1629035472,2,Fatone,Christopher,Family Practice
1629038930,17,Adetona,Adetutu,Family Practice
1629060652,7,Pica,Laura,Internal Medicine
1629060736,9,Hoenzsch,Ronald,Internal Medicine
1629060819,12,Swicker,Stefan,Internal Medicine
1629063979,9,Murnane,Matthew,Neurology
1629069679,39,Gill,Tariq,Diagnostic Radiology
1629152301,3,Petersen,Lauris,Family Practice
1629253547,20,Messina,Anthony,Cardiology
1629272059,3,Derenzo,Timothy,Family Practice
1629385315,11,Aigbe Lebarty,Nosa,Family Practice
1629413075,9,Hausler,Theodore,Family Practice
1629587894,3,Sacks,Jessica,Physician Assistant
1639155153,4,Akbari,Ghulam,Internal Medicine
1639161771,14,Fein,Steven,Cardiology
1639185416,6,Mclean Bennett,Jacquelyn,Family Practice
1639187826,17,Peterson,Charles,Cardiology
1639221450,18,Friedman,Mark,Podiatry
1639269954,4,Fogarty,Joanne,Internal Medicine
1639279912,2,Smith,Derek,Internal Medicine
1639358682,5,Liton,Afroza,Internal Medicine
1639441801,6,Cromie,William,Urology
1639497365,4,Bravo,Enrico,Internal Medicine
1639638406,1,Mcphillips,Amy,Family Practice
1639673239,12,Reyes,Myladis,Internal Medicine
1639824162,3,Ash,Morgan,Nurse Practitioner
1649278078,20,Bishop,Gregory,Interventional Cardiology
1649279555,1,Clarke,Paul,Physician Assistant
1649286170,16,Parisi,Patrick,Cardiology
1649295254,4,Back,Ephraim,Family Practice
1649354499,43,Wolff,Michael,Internal Medicine
1649360009,19,Aitken,Geri,Family Practice
1649369026,43,Goldberg,Steven,Internal Medicine
1649381435,27,Hyde,Natalie,Physician Assistant
1649412982,1,Miles,Michael,Internal Medicine
1649447897,18,Belarmino,James,Urology
1649664970,10,Pfeiffer,Catherine,Internal Medicine
1649692849,12,Bastien,Carl-Frederic,Internal Medicine
1649776311,18,Nolan,Donna,Internal Medicine
1659300283,10,Murphy,Christine,Internal Medicine
1659313898,7,Lynch,Timothy,Neurology
1659325397,18,Miller,Craig,Physician Assistant
1659329894,9,Nolan,John,Cardiology
1659346427,5,Sulkow,Jennifer,Physician Assistant
1659353027,63,Cunningham,David,Family Practice
1659370583,12,Barada,James,Urology
1659398097,22,Viola,Theresa,Family Practice
1659415693,6,Roddy,Kristina,Infectious Disease
1659446391,7,Spanaki-Varelas,Marianna,Neurology
1659450278,26,Beer,Yoram,Urology
1659495620,14,Dunne,Christa,Internal Medicine
1659592616,6,Dawson,Catherine,Internal Medicine
1659735769,6,Haas,Madeline,Family Practice
1659803807,6,Bernier,Benjamin,Internal Medicine
1659931848,5,Elfaki,Hala,Internal Medicine
1659939544,15,Kuehn,Stephen,Family Practice
1669415501,7,Waldman,Jonathan,Internal Medicine
1669433496,19,Berman,Jessica,Family Practice
1669445326,28,Pazienza,Joseph,Diagnostic Radiology
1669464889,13,Kowal,William,Internal Medicine
1669551016,8,Litynski,James,Gastroenterology
1669566089,14,Goetz,David,Gastroenterology
1669872495,5,Garg,Aakash,Cardiology
1679005326,19,Morales,Krista,Family Practice
1679563019,19,Barach,Bruce,Plastic and Reconstructive Surgery
1679576219,10,Gray,Peter,Cardiology
1679597975,10,Vassolas,George,Clinical Cardiac Electrophysiology
1679913164,7,Chaudry,Asim,Internal Medicine
1679916605,21,Makkiya,Mohammed,Cardiology
1679937338,10,Volkell,Gary,Neurology
1689051740,5,Shultz,John,Internal Medicine
1689263600,6,Oommen,Teena,Physician Assistant
1689674095,4,Bartholomew,Catherine,Gastroenterology
1689679029,11,Yarze,Joseph,Gastroenterology
1689725301,32,Bhavsar,Tej,Internal Medicine
1689737744,2,Bhoiwala,Laxmikant,Internal Medicine
1689764227,21,Chakraborty,Ranen,Family Practice
1689870115,4,Pamidimukala,Neelima,Internal Medicine
1689945206,9,Gran,Arthur,Infectious Disease
1699060368,16,Cortazar,Frank,Nephrology
1699098806,9,Reed,Timothy,Internal Medicine
1699150839,5,Umar,Zarish,Internal Medicine
1699747147,6,Bloomberg,Alan,General Practice
1699777029,1,Powell,John,Internal Medicine
1699777136,1,Cleveland,Byrd,Family Practice
1699789164,5,Stevens,Noelle,Family Practice
1699793539,22,Bashir,Iqbal,Interventional Cardiology
1699887075,2,Edasery,Beppy,Cardiology
1700023868,13,Dirusso,Michael,Nephrology
1700089356,7,Hanspal,Era,Neurology
1700196086,11,Cody,Megan,Physician Assistant
1700267697,11,Di Bari,Jeremy,Family Practice
1700380326,4,Belasen,Abigail,Internal Medicine
1700890654,7,Rayeski,Suzanne,Internal Medicine
1700966751,21,Patterson,Norman,Diagnostic Radiology
1710027610,6,Ezeifedi,Robert,Internal Medicine
1710064688,20,Reed-Esper,Sarah,Diagnostic Radiology
1710121330,9,Yun,Charles,Internal Medicine
1710148614,4,Kaczor,Michal,Family Practice
1710189949,24,Campo,Aarti,Cardiology
1710368055,6,Kumar,Nitish,Internal Medicine
1710379425,11,Ngo,Khoa,Internal Medicine
1710481643,6,Kricker,Susannah,Family Practice
1710950779,27,Portelli,John,Cardiology
1710960067,7,Tedesco,William,Family Practice
1710963160,9,Devito,Michael,Otolaryngology
1710985874,2,Rieker,Judy,Physician Assistant
1720054380,5,Hughes,George,Family Practice
1720070808,8,Merecki,Eugene,Family Practice
1720086887,14,Phillip,James,Cardiology
1720095060,16,Filippone,John,Cardiology
1720107782,2,Kaur,Amandeep,Family Practice
1720141864,21,Bergeron,Daniel,Cardiology
1720170269,24,Sipperly,Stephen,Family Practice
1720280159,45,Haleem,Kamran,Cardiology
1720390354,9,Loytra,Oleksiy,Family Practice
1720419831,4,Ghimire,Nabodita,Internal Medicine
1720440977,6,Kidd,Heather,Family Practice
1720549967,5,Mundra,Monica,Family Practice
1730138603,17,Tetreault,William,Family Practice
1730147554,18,Shatynski,Todd,Family Practice
1730172628,3,Kerr,Hamish,Internal Medicine
1730177825,12,Hogan-Moulton,Amy,Nephrology
1730181413,13,Cerda,Jorge,Nephrology
1730198706,7,Dropkin,Robert,Obstetrics & Gynecology
1730304411,6,White,Jennifer,Internal Medicine
1740211515,29,Stevens,Arthur,Internal Medicine
1740253798,39,Kantaros,Louis,Interventional Cardiology
1740274604,5,Mitkoff,Nathan,Internal Medicine
1740437722,12,Brown,Sheryl,Family Practice
1740557750,2,D'annunzio,Lauren,Certified Registered Nurse Anesthetist (CRNA)
1740642941,9,King,Jared,Neurology
1740644673,3,Lubin,Abigail,Family Practice
1740705326,1,Cavanaugh,Kelly,Audiologist
1750309860,6,Ying,Rodney,Internal Medicine
1750325320,56,Love,Robert,Family Practice
1750363446,40,Filion,Paul,Family Practice
1750374401,7,Lee,Josephine,Internal Medicine
1750375374,4,Miller,Cynthia,Infectious Disease
1750376679,5,Philbin,Edward,Cardiology
1750377420,5,Tietjen,John,Internal Medicine
1750379848,8,Kamal,Farhana,Internal Medicine
1750385001,7,Adsit,Mark,Gastroenterology
1750398319,5,Vakiener,Arthur,Cardiology
1750515961,5,Bhoiwala,Dipti,Internal Medicine
1750525606,8,Kim,Grace,Internal Medicine
1750546008,43,Alimohammad,Rizwan,Cardiology
1750730677,3,Nassar,Yousef,Internal Medicine
1750795738,30,Fusella,Nicholas,Family Practice
1750949640,5,Gray,Aimalohi,Family Practice
1760421127,8,Wenacur,Russell,Family Practice
1760474860,12,Drislane,Mary Ellen,Internal Medicine
1760484224,6,Costello,Kevin,Internal Medicine
1760485460,15,Hogan,Robert,Interventional Cardiology
1760486013,12,Malamood,Howard,Gastroenterology
1760492680,42,Barats,Lev,Internal Medicine
1760743777,10,Spath,Disha,Internal Medicine
1770015810,2,Friedman,Adam,Internal Medicine
1770044471,6,Peterson,Marten,Family Practice
1770086191,6,Tharian,Mini,Nurse Practitioner
1770551715,16,Laddis,Theodoros,Cardiology
1770557308,20,Lee,William,Cardiology
1770570103,1,Cuenca,Dolores,Internal Medicine
1770575896,13,Lavigne,Richard,Internal Medicine
1770576399,9,Baler,Joseph,Dermatology
1770578031,51,O'brien,James,Cardiology
1770582538,14,Alderisio,William,Cardiology
1770792228,7,Iyer,Shridhar,Internal Medicine
1770946089,3,Huo,Mae,Internal Medicine
1780002709,5,Schaefer,Christopher,Internal Medicine
1780345538,2,Luibrand,Nicole,Physician Assistant
1780604868,17,Lee,Arthur,Family Practice
1780613893,22,Fernando-Gilday,Carla,Gastroenterology
1780617746,6,Aharon,Alon,Thoracic Surgery
1780670323,14,Richter,Seth,Gastroenterology
1780764746,36,Chu,Alan,Diagnostic Radiology
1780862037,11,Nguyen,Catherine,Internal Medicine
1780893610,4,Ghassi,Dimple,Internal Medicine
1780942383,20,Verma,Gautam,Cardiology
1790027050,46,Purga,Scott,Cardiology
1790090439,7,Chaudhry,Rafia,Nephrology
1790758688,33,Jafar,Mumtazuddin,Interventional Cardiology
1790791226,7,Walsh,Amy,Internal Medicine
1790874170,6,Mitnick,Neil,Family Practice
1790940971,6,Walebowa,Oteng,Internal Medicine
1790951648,31,Levin,Sarah,Clinical Cardiac Electrophysiology
1801035985,8,Arif,Shoaib,Internal Medicine
1801155494,22,Ethier,Gloria,Family Practice
1801327119,3,Kotelawala,Kasuni,Family Practice
1801849039,12,Yamada,Brian,Urology
1801852587,8,Tharler,Lisa,Internal Medicine
1801857214,6,Herdzik,Katherine,Family Practice
1801857628,4,Karatnycky,Adrian,Internal Medicine
1801870100,46,Seedhom,Ashraf,Cardiology
1801990155,10,Salehi,Freshteh,Internal Medicine
1801998737,14,Van Woert,Joanne,Internal Medicine
1811008600,13,Mcgaffin,Christina,Nurse Practitioner
1811035256,1,Mangi,Abeel,Thoracic Surgery
1811077886,7,Murray,James,Family Practice
1811138845,8,Friedrich,Sabiha,Internal Medicine
1811183650,8,Nawab,Andalib,Internal Medicine
1811215296,15,Yager,Neil,Interventional Cardiology
1811281587,5,Price,Chrystal,Internal Medicine
1811917909,10,Weiss,Howard,Internal Medicine
1811955594,3,Mohindra,Reena,Internal Medicine
1811963465,2,Etienne,Mineke,Family Practice
1811963937,5,Sgambati,Carl,Family Practice
1811964430,20,Shuman,Barry,Urology
1811965866,9,Card,Harold,Cardiology
1811979438,48,Reeves,Robert,Family Practice
1821090010,8,Zuravicky,Igal,Cardiology
1821180290,10,Hauser,Barbara,Internal Medicine
1821187204,36,Gebhard,Paul,Internal Medicine
1821293598,1,Parent,Colleen,Family Practice
1821300401,6,Ghimire,Prajesh,Family Practice
1821325770,6,Murguia,Brandon,Internal Medicine
1821377813,5,Goldsmith,Christina,Family Practice
1821417221,14,Sonagere,Caitlin,Internal Medicine
1821448796,1,Sease,Keara,Family Practice
1821452590,1,Teklemariam,Ephrem,Neurology
1831103555,3,Blood,Suzanne,Internal Medicine
1831181981,17,David,Jose,Family Practice
1831183631,5,Mccullough,Andrew,Urology
1831190016,3,Lemanski,Paul,Internal Medicine
1831197268,4,Desantis,Jonathan,Cardiology
1831220417,6,Gorbachev,Sergey,Internal Medicine
1831352145,7,Ojha,Chandra,Internal Medicine
1831382878,11,Reamer,Pamela,Nurse Practitioner
1831419514,14,Voznesensky,Maria,Urology
1831452259,42,Drzymalski,Krzysztof,Cardiology
1831553593,4,Strader,Mary,Gastroenterology
1831757236,2,Dzingle,Karen,Family Practice
1831757723,4,Labounty,Tessa,Family Practice
1841282894,15,Dinius,John,Anesthesiology
1841300928,1,Bashkoff,Jacqueline,"Psychologist, Clinical"
1841437258,5,Kilayko,Mary Clarisse,Infectious Disease
1841466356,4,Kim,Yun Jeong,Internal Medicine
1841584018,6,Yu,Alice,Family Practice
1841610284,8,Smith,Christopher,Internal Medicine
1841722774,3,Villarreal,Benjamin,Family Practice
1841751989,5,Li,Bo,Internal Medicine
1841835014,4,Mcnamara,Elizabeth,Certified Registered Nurse Anesthetist (CRNA)
1851302137,5,Divakara Murthy,Gowdara,Internal Medicine
1851338636,9,Kumar,Arbind,Gastroenterology
1851420897,7,Gurniak,James,Internal Medicine
1851456321,5,Meyer,Vincent,Family Practice
1851494470,12,Vanwoert,Judith,Internal Medicine
1851523393,2,Rukavishnikova,Natalya,Family Practice
1851611487,23,Wong,Vincent,Cardiology
1851650139,4,Savla,Daven,Family Practice
1851735146,7,Bringley,Donald,Family Practice
1861437956,2,Sidhu-Izzo,Sonya,Family Practice
1861480956,4,Quinn,Colleen,Family Practice
1861502429,15,Saunders,Jessica,Cardiology
1861582405,36,Chava,Prabhakar,Internal Medicine
1861612814,7,Mack,Brigid,Family Practice
1861652547,33,Patrello,Anthony,Interventional Cardiology
1861719247,4,Hand,Drinnon,Internal Medicine
1861758203,7,Guay,Ryan,Anesthesiology
1861796153,6,Yunus,Mohammad,Internal Medicine
1861924573,3,Conroy,Sophia,Family Practice
1861978918,1,Tawfik,Peter,Family Practice
1871070466,6,Mendelson,Megan,Nurse Practitioner
1871520700,30,Monserrate,Nicole,Internal Medicine
1871690743,6,Stetzer,Lee,Family Practice
1871751925,30,Maier,Craig,Family Practice
1871850230,1,Espinosa,Cristine,Family Practice
1871858787,16,Bekan-Homawoo,Brigitte,Family Practice
1871886978,6,Leonard,Kyle,Family Practice
1871943746,2,Sawh,Jeremy,Family Practice
1871973602,2,Telisky,Pamela,Internal Medicine
1881116895,3,Khan,Nazia,Internal Medicine
1881252708,6,Mazzariello,Alexandra,Physician Assistant
1881353357,11,Conti,Laura,Nurse Practitioner
1881759355,2,Malin,Julia,Family Practice
1881783264,33,Walders,James,Internal Medicine
1881853547,5,Timofeev,Konstantin,Neurology
1891073169,5,Edge,Lizette,Family Practice
1891074936,3,Carlson,Joshua,Family Practice
1891145744,4,Novakovic,Zachary,Family Practice
1891732483,12,Arif,Asma,Gastroenterology
1891778296,6,Rehman,Syed,Internal Medicine
1891782207,1,Wayne,Joseph,Internal Medicine
1891790101,9,Herlihy,Kevin,Gastroenterology
1891792503,12,Brennan,Tracey,Family Practice
1891815270,7,Balaraman,Balasukanya,Family Practice
1891875852,12,Hoover,Eric,Diagnostic Radiology
1891946703,38,Feygin,Ruslan,Cardiology
1891954145,4,Ali,Neelam,Internal Medicine
1902038722,6,Jaworowski,Piotr,Family Practice
1902113699,8,Khan,Khyber,Family Practice
1902290315,14,Chieng,Hau,Internal Medicine
1902350028,2,Ringie,Kimberly,Audiologist
1902464894,5,Littlefield,Brooke,Family Practice
1902864002,22,Phelan,Donna,Cardiology
1902960560,27,Choma,Joseph,Gastroenterology
1902988561,15,Hausler,Gerald,Family Practice
1912013475,5,Marino,Thomas,Cardiology
1912094780,2,Carrozza,Joseph,Internal Medicine
1912228669,7,Istre,Erik,Neurology
1912341058,6,Adedokun,Olanrewaju,Family Practice
1912483603,9,Macphail,Heather,Nurse Practitioner
1912900622,16,Munro,Scott,Cardiology
1912908195,18,Bashant,John,Internal Medicine
1912941410,11,Kansas Devine,Maria,Family Practice
1912955642,17,Dibble,Christopher,Cardiology
1922000785,3,Leblanc,Michele,Certified Registered Nurse Anesthetist (CRNA)
1922038363,3,Gordon,Seth,Internal Medicine
1922094333,17,Muller,Reid,Cardiology
1922096023,7,Khalifa,Gamal,Internal Medicine
1922182856,11,Johnston,Mary,Family Practice
1922195429,7,Sloat,Glenn,Internal Medicine
1922197300,21,Campagna,Kristine,Family Practice
1922365386,22,Volk,Neil,Gastroenterology
1922494715,11,Alexandre,Cassidy,Gastroenterology
1932100989,7,Murphy,Kevin,Anesthesiology
1932113149,12,Robinson,William,Gastroenterology
1932113669,2,Borgos,William,Family Practice
1932133022,16,Foley,Edward,Internal Medicine
1932165628,15,Benjamin,Anthony,Urology
1932179520,3,Brown,Jean,Nurse Practitioner
1932190899,24,Papaleo,Rafael,Cardiology
1932201159,44,Winston,Brion,Cardiology
1932333093,21,Viterbo,Domenico,Gastroenterology
1932382686,32,Maroney,Justin,Cardiology
1932427218,13,Jackson,Richard,Neurology
1932605375,1,Anwar,Raheel,Internal Medicine
1942226857,7,Schwartz,Kenneth,Family Practice
1942235213,6,Gupta,Renu,Family Practice
1942261540,9,Pezzulo,John,Family Practice
1942287842,3,Craig,James,Family Practice
1942294806,4,Mishra-Pani,Rina,Internal Medicine
1942311618,3,Murphy,Eileen,Nurse Practitioner
1942379755,18,Martin,David,Otolaryngology
1942479019,2,Stahl,Amanda,Family Practice
1942680350,3,Amaratunga,Giyana,Family Practice
1952303398,6,Caramore,William,Internal Medicine
1952305203,13,Ostrov,Arthur,Gastroenterology
1952340523,7,Sanders,Alan,Infectious Disease
1952395469,54,Santoro,Ian,Cardiology
1952415846,9,Behroozi,Saeid,Internal Medicine
1952558348,7,Cruz,Faith,Family Practice
1952589210,8,Northrop,Jennifer,Gastroenterology
1952627366,5,Wales,Danielle,Internal Medicine
1952691792,4,Zeigler,Gwen,Neurology
1952695421,3,Chacko,Jijin,Internal Medicine
1952726192,5,Sikder,Musfiqur,Internal Medicine
1952747818,3,Levine,Elizabeth,Nurse Practitioner
1962470724,27,Baran,Andrij,Cardiology
1962494054,5,Doherty-Wells,Karen,Physician Assistant
1962586776,15,White,Mark,Urology
1962592501,17,Patil,Nagaraja,Internal Medicine
1962603225,10,Hongalgi,Krishnakumar,Nephrology
1962639427,49,Raval,Mihir,Internal Medicine
1962665737,18,Elguero,Carlos,Family Practice
1972502698,11,Sosa-Suarez,Guillermo,Clinical Cardiac Electrophysiology
1972532976,11,Yousuf,Asim,Internal Medicine
1972539856,1,Ray,David,Internal Medicine
1972561363,11,Gosselin,Richard,Cardiology
1972599652,18,Torosoff,Mikhail,Cardiology
1972680288,8,Weidner,Mark,Internal Medicine
1972683993,4,Clark,Donald,Physical Therapist in Private Practice
1982262879,2,Persaud,Ryan,Family Practice
1982606984,18,Kelly,Gregory,Cardiology
1982619615,21,Cotugno,Steffani,Family Practice
1982694121,9,Saluja,Ravinder,Internal Medicine
1982793360,12,Mesmer,Melinda,Internal Medicine
1982855631,14,Strickler,Brian,Ophthalmology
1982923116,6,Aliggayu,Darryl,Internal Medicine
1992055750,7,Nazir,Tabasum,Family Practice
1992124440,7,Lydecker,Heather,Internal Medicine
1992745632,8,O'bryan,John,Family Practice
1992800643,5,Mulcahy,Stephanie,Nurse Practitioner
1992882864,19,Bertram,Michael,Internal Medicine
1992891378,11,Fishel,Stephen,Family Practice
